passage_id,question,passage
2001_627.txt_Art. 403,Jakimi funduszami są gminne i powiatowe fundusze w rozumieniu ustawy o finansach publicznych?,"Art. 403. 1. Gminne i powiatowe fundusze są funduszami celowymi w rozumieniu ustawy o finansach publicznych. 2. Przychody funduszy, o których mowa w ust. 1, są gromadzone na odrębnym rachunku bankowym. "
1999_95.txt_Art. 66,Która jednostka organizacyjna wyznacza osobę odpowiedzialną za nadzorowanie i kontrolę w zakresie wykonywania przez przedsiębiorcę obowiązku ochrony przekazanych im informacji niejawnych?,"Art. 66. Jednostka organizacyjna, która zawiera umowę, wyznacza osobę odpowiedzialną za nadzorowanie, kontrolę, szkolenie i doradztwo w zakresie wykonywania przez przedsiębiorcę, jednostkę naukową lub badawczo "" rozwojową obowiązku ochrony przekazanych im informacji niejawnych. "
1999_483.txt_Art. 110,Kto powołuje komisję dyscyplinarną urzędu spośród członków korpusu służby cywilnej?,"Art. 110. 1. Komisję dyscyplinarną urzędu powołuje dyrektor generalny urzędu spośród członków korpusu służby cywilnej zatrudnionych w urzędzie. W razie potrzeby Szef Służby Cywilnej może utworzyć komisję dyscyplinarną dla kilku urzędów. 2. Komisję dyscyplinarną urzędu, w liczbie co najmniej 10 członków korpusu służby cywilnej, w tym przewodniczącego i zastępców przewodniczącego, powołuje się na okres 3 lat. 3. Komisja dyscyplinarna urzędu powołuje ze swojego grona przewodniczącego komisji i jego zastępców. 4. Tryb pracy komisji dyscyplinarnej urzędu określa regulamin uchwalony przez komisję i zatwierdzony przez dyrektora generalnego urzędu. "
"2004_2065.txt_Art.
11",W jakim terminie należy dostosować umowy o przyłączenie źródeł do sieci?," Art. 11. 1. Umowy o przyłączenie źródeł do sieci zawarte przed dniem wejścia w życie niniejszej ustawy, na podstawie których nie zrealizowano przyłączenia do sieci do dnia wejścia w życie niniejszej ustawy, należy dostosować do wymagań określonych w art. 7 ust. 2 ustawy zmienianej w art. 1, w brzmieniu nadanym niniejszą ustawą, w terminie 6 miesięcy od dnia wejścia w życie niniejszej ustawy. 2. W przypadku niedostosowania umów, o których mowa w ust. 1, do wymagań określonych w art. 7 ust. 2 ustawy zmienianej w art. 1, w brzmieniu nadanym niniejszą ustawą, w terminie określonym w ust. 1, stronie przysługuje prawo odstąpienia od umowy, chyba że niedostosowanie umowy nastąpiło z powodu okoliczności za które ta strona ponosi odpowiedzialność. "
1997_555.txt_Art. 117,"Kto określi warunki i tryb usprawiedliwienia niestawiennictwa oskarżonych, świadków i innych uczestników procesu z powodu choroby?","Art. 117. § 1. Uprawnionego do wzięcia udziału w czynności procesowej zawiadamia się o jej czasie i miejscu, chyba że ustawa stanowi inaczej. § 2. Czynności nie przeprowadza się, jeżeli osoba uprawniona nie stawiła się, a brak dowodu, że została o niej powiadomiona, oraz jeżeli zachodzi uzasadnione przypuszczenie, że niestawiennictwo wynikło z powodu przeszkód żywiołowych lub innych wyjątkowych przyczyn, a także wtedy, gdy osoba ta usprawiedliwiła należycie niestawiennictwo i wnosi o nieprzeprowadzanie czynności bez jej obecności, chyba że ustawa stanowi inaczej. § 3. W razie niestawiennictwa strony, obrońcy lub pełnomocnika, których stawiennictwo jest obowiązkowe, czynności procesowej nie przeprowadza się, chyba że ustawa stanowi inaczej. § 4. Minister Sprawiedliwości oraz Minister Zdrowia i Opieki Społecznej określą, w drodze rozporządzenia, warunki i tryb usprawiedliwienia niestawiennictwa oskarżonych, świadków i innych uczestników procesu z powodu choroby. "
2000_857.txt_Art. 761,Pod jakim warunkiem agent może żądać prowizji od umowy zawartej po rozwiązaniu umowy?,"Art. 761{1}. §1. Agent może żądać prowizji od umowy zawartej po rozwiązaniu umowy agencyjnej, jeżeli - przy spełnieniu przesłanek z art. 761 - propozycję zawarcia umowy dający zlecenie lub agent otrzymał od klienta przed rozwiązaniem umowy agencyjnej. §2. Agent może żądać prowizji od umowy zawartej po rozwiązaniu umowy agencyjnej także wtedy, gdy do jej zawarcia doszło w przeważającej mierze w wyniku jego działalności w okresie trwania umowy agencyjnej, a zarazem w rozsądnym czasie od jej rozwiązania. "
2001_1070.txt_Art. 54,Czego nie wolno wnosić do budynków sądowych?,"Art. 54. §1. Do budynków sądowych nie wolno wnosić broni ani amunicji a także materiałów wybuchowych i innych środków niebezpiecznych. Nie dotyczy to osób wykonujących w budynkach sądowych obowiązki służbowe wymagające posiadania broni. §2. Prezes sądu może zarządzić stosowanie środków zapewniających bezpieczeństwo w budynkach sądowych oraz zapobiegających naruszaniu zakazu, o którym mowa w § 1. W takim przypadku do ochrony budynków sądowych oraz osób w nich przebywających stosuje się przepisy o ochronie osób i mienia. Dział II Sędziowie Rozdział 1 Status sędziego "
2001_1195.txt_Art. 141,W jakim terminie bank krajowy może zaskarżyć decyzję Komisji Nadzoru Finansowego do Naczelnego Sądu Administracyjnego?,"Art. 141b. 1. Komisja Nadzoru Bankowego po otrzymaniu od właściwych władz nadzorczych państwa goszczącego informacji, iż bank krajowy wykonujący czynności na jego terytorium poprzez oddział lub w ramach działalności transgranicznej narusza obowiązujące w państwie goszczącym przepisy prawa, może zastosować w stosunku do banku środki przewidziane w art. 138 ust. 3. 2. Decyzje Komisji Nadzoru Bankowego wydane na podstawie ust. 1 są natychmiast wykonalne. Przepisu art. 127 § 3 Kodeksu postępowania administracyjnego nie stosuje się. 3. Decyzję Komisji Nadzoru Bankowego, wydaną na podstawie ust. 1, bank krajowy może zaskarżyć do Naczelnego Sądu Administracyjnego, w terminie 7 dni od dnia jej doręczenia. "
2001_499.txt_Art. 50,W skutek czego następuje wygaśnięcie członkostwa w obwodowej komisji wyborczej?,"Art. 50. 1. Wygaśnięcie członkostwa w obwodowej komisji wyborczej następuje wskutek: 1) zrzeczenia się członkostwa, 2) odwołania z przyczyn, o których mowa w ust. 2, 3) wystąpienia przyczyn, o których mowa w art. 34 ust. 2, 4) śmierci członka komisji, 5) utraty prawa wybierania lub niespełniania warunku, o którym mowa w art. 48 ust. 3. 2. Członek obwodowej komisji wyborczej może być odwołany ze składu komisji w razie nieobecności na pierwszym posiedzeniu i niewyjaśnienia w terminie 2 dni przyczyny nieobecności. 3. Uzupełnienie składu komisji następuje w trybie i na zasadach określonych w przepisach o jej powołaniu. "
2001_627.txt_Art. 185,Pod jakim warunkiem należy podać informację o wszczęciu postępowania do publicznej wiadomości?,"Art. 185. 1. Jeżeli w postępowaniu o wydanie pozwolenia zachodzi prawdopodobieństwo, że w sprawie mogą być jeszcze inne strony nieznane organowi administracji, informację o wszczęciu postępowania należy podać do publicznej wiadomości. 2. Podanie do publicznej wiadomości, o którym mowa w ust. 1, czyni zadość obowiązkowi zawiadomienia stron w rozumieniu Kodeksu postępowania administracyjnego. "
1995_618.txt_Art. 27,Jakich informacji może zażądać dyrektor urzędu morskiego od statku przepływającego przez polskie obszary morskie?,"Art. 27. Dyrektor urzędu morskiego może: 1) zażądać od statku przepływającego przez polskie obszary morskie informacji dotyczących identyfikacji, portu rejestracji, ostatniego i następnego portu zawinięcia oraz innych niezbędnych informacji, w razie uzasadnionego podejrzenia, że statek płynąc przez te obszary naruszył przepisy ustawy, powodując zanieczyszczenie lub zagrożenie zanieczyszczeniem, 2) przeprowadzić inspekcję statku przepływającego przez polskie obszary morskie, w razie: a) uzasadnionego podejrzenia, że naruszył przepisy ustawy wskutek zrzutu powodującego lub grożącego znacznym zanieczyszczeniem morza, b) odmowy udzielenia informacji, o których mowa w pkt 1, lub jeżeli informacja podana przez statek jest w sposób oczywisty różna od stanu faktycznego, a okoliczności sprawy uzasadniają taką inspekcję. "
1997_31.txt_Art. 14,Jakiej kontroli podlegają towary przywożone z zagranicy?,"Art. 14. 1. Towary przywożone z zagranicy oraz przewożone przez terytorium Rzeczypospolitej Polskiej podlegają weterynaryjnej kontroli granicznej. 2. Weterynaryjna kontrola graniczna obejmuje: 1) sprawdzenie, czy nie zostały naruszone przepisy art. 10, 2) sprawdzenie dokumentów, o których mowa w art. 11 i 12, wymaganych przy przywozie lub przewozie towaru, 3) oględziny towaru, a w razie potrzeby jego badanie. 3. Graniczny lekarz weterynarii dokonuje w świadectwie zdrowia wpisu o przeprowadzeniu i wyniku kontroli. 4. Graniczny lekarz weterynarii zakaże przywozu z zagranicy lub przewozu towarów przez terytorium Rzeczypospolitej Polskiej albo nakaże zabicie lub ubój sanitarny zwierząt, zniszczenie towarów lub innych rzeczy, jeżeli kontrola wykaże, że: 1) towary nie spełniają warunków określonych w art. 11 i 12, 2) zostały naruszone przepisy art. 10, a w szczególności, jeżeli przywożone lub przewożone: a) zwierzęta są chore lub podejrzane o zakażenie, b) mięso jest niezdatne lub o ograniczonej przydatności do spożycia, c) towary i inne rzeczy przenoszą lub mogą przenosić chorobę zakaźną. 5. W razie potrzeby graniczny lekarz weterynarii może: 1) zastosować środki przewidziane w art. 22 pkt 1, 3-5, 9, 12 i 13, 2) nakazać przeprowadzenie uboju z konieczności zwierząt, które ze względu na stan zdrowia nie nadają się do dalszego transportu, a w szczególności zwierząt, które doznały urazów lub zranień. 6. Minister Rolnictwa i Gospodarki Żywnościowej w porozumieniu z Ministrami Spraw Wewnętrznych i Administracji oraz Transportu i Gospodarki Morskiej określi, w drodze rozporządzenia, przejścia graniczne, na których będzie dokonywana weterynaryjna kontrola graniczna. 7. Minister Rolnictwa i Gospodarki Żywnościowej ogłosi w Dzienniku Urzędowym Ministerstwa Rolnictwa i Gospodarki Żywnościowej wykaz towarów podlegających weterynaryjnej kontroli granicznej. "
1998_1015.txt_Art. 42,Na czyj wniosek minister właściwy do spraw instytucji finansowych może zarządzić likwidację głównego oddziału?,"Art. 42n. 1. Minister właściwy do spraw instytucji finansowych, na wniosek organu nadzoru, może zarządzić likwidację głównego oddziału w przypadku, gdy: 1) działalność zagranicznego zakładu ubezpieczeń jest prowadzona z naruszeniem przepisów prawa lub jest sprzeczna z planem działalności, 2) zagraniczny zakład ubezpieczeń nie spełnia świadczeń ubezpieczeniowych na terenie Rzeczypospolitej Polskiej albo spełnia je z opóźnieniem lub częściowo. 2. W razie zarządzenia likwidacji, organ nadzoru wyznacza likwidatora. Przepisy art. 42m stosuje się odpowiednio. "
1997_557.txt_Art. 198,Do kogo sąd przesyła odpis wyroku w razie orzeczenia podania wyroku do publicznej wiadomości przez ogłoszenie w czasopiśmie?,"Art. 198. § 1. W razie orzeczenia podania wyroku do publicznej wiadomości przez ogłoszenie w czasopiśmie, sąd przesyła odpis wyroku lub wyciąg z wyroku, ze wzmianką dotyczącą prawomocności, redakcji określonego w wyroku czasopisma, z poleceniem wydrukowania w jednym z najbliższych jego numerów. § 2. Redakcja czasopisma ma obowiązek zawiadomić sąd o wykonaniu polecenia, przesyłając jednocześnie egzemplarz, w którym zamieszczono ogłoszenie; w razie nieprawidłowości sąd nakazuje je usunąć. "
1997_783.txt_Art. 24,Kto składa wniosek o wpis produktów do rejestrów produktów?,"Art. 24. 1. Wniosek o wpis produktów do rejestrów produktów składa producent lub importer. 2. Wniosek, o którym mowa w ust. 1, powinien zawierać: 1) imię, nazwisko i adres albo nazwę i adres siedziby wnioskodawcy, 2) informacje, o których mowa w art. 21 ust. 5 i 6, 3) informacje dotyczące skuteczności działania produktów, 4) uzasadnienie obecności w produktach każdego ze składników, jeżeli dodatek paszowy jest mieszaniną substancji czynnych, 5) opis metodyki postępowania analitycznego mającego na celu określenie zawartości substancji czynnej w produkcie, a także w premiksach i mieszankach paszowych zawierających ten produkt. 3. Do wniosku, o którym mowa w ust. 1, należy dołączyć wyniki badań, o których mowa w art. 23 ust. 2 lub 3. "
2002_110.txt_Art. 40,Jakie dane obejmuje rejestr detektywów?,"Art. 40. 1. Minister właściwy do spraw wewnętrznych prowadzi rejestr osób, którym wydano licencje, zwane dalej ""rejestrem detektywów"". 2. Rejestr detektywów obejmuje następujące dane: 1) imię i nazwisko, 2) adres zamieszkania , 3) numer licencji i datę jej wydania, 4) datę zawieszenia lub cofnięcia licencji. 3. Rejestr detektywów jest jawny. "
1997_781.txt_Art. 5,Pod jakim warunkiem współwłaściciele mogą dokonać podziału nieruchomości?,"Art. 5. Jeżeli powierzchnia gruntu zabudowanego budynkiem, w którym wyodrębniono własność lokali, jest większa niż powierzchnia niezbędna do korzystania z niego, współwłaściciele mogą dokonać podziału tej nieruchomości. "
1998_1118.txt_Art. 92,Czy zmiana wysokości emerytur w ramach waloryzacji następuje z urzędu?,"Art. 92. Zmiana wysokości emerytur i rent w ramach waloryzacji następuje z urzędu, a jeżeli wypłata ich była wstrzymana "" po jej wznowieniu, z uwzględnieniem wszystkich kolejnych waloryzacji przypadających w okresie wstrzymania wypłaty. "
1995_446.txt_Art. 6,Kto określi wykaz organizmów szkodliwych podlegających obowiązkowi zwalczania?,"Art. 6. Minister Rolnictwa i Gospodarki Żywnościowej, w porozumieniu z Ministrem Ochrony Środowiska, Zasobów Naturalnych i Leśnictwa, określi, w drodze rozporządzenia, wykaz organizmów szkodliwych podlegających obowiązkowi zwalczania. Rozdział 3 Przywóz, wywóz i przewóz roślin, produktów roślinnych i przedmiotów "
1997_555.txt_Art. 607,"Kto jest właściwy do rozstrzygania wniosków państwa obcego, dotyczących wydania przedmiotów stanowiących dowody rzeczowe?","Art. 607. § 1. Do rozstrzygania wniosków państwa obcego, dotyczących wydania przedmiotów stanowiących dowody rzeczowe lub uzyskanych w wyniku przestępstwa, właściwy jest prokurator lub sąd w zależności od tego, do czyjego rozporządzenia przedmioty te zostały zdeponowane. Przepis art. 588 § 2 i 4 stosuje się odpowiednio. § 2. Postanowienie o wydaniu przedmiotów powinno wymieniać rzeczy, które ulegają wydaniu państwu obcemu, oraz wskazywać rzeczy podlegające zwrotowi po ukończeniu postępowania karnego, prowadzonego przez organy państwa obcego. Rozdział 66 Przejęcie i przekazanie osób skazanych do wykonania wyroku"" "
1995_654.txt_Art. 7,W jaki sposób Prezes Narodowego Banku Polskiego określi obowiązkowy zakres informacji dotyczących stanu oszczędności zgromadzonych na rachunkach oszczędnościowo-kredytowych?,"Art. 7. Prezes Narodowego Banku Polskiego określi, w drodze zarządzenia, obowiązkowy zakres informacji dotyczących stanu oszczędności zgromadzonych na rachunkach oszczędnościowo-kredytowych, wysokości udzielonych kredytów kontraktowych i terminowości ich spłat oraz przychodów i kosztów banków z tytułu prowadzenia kas mieszkaniowych. Rozdział 2 Umowa o kredyt kontraktowy "
1997_686.txt_Art. 1,Jaki jest limit na ubytki dochodów budżetu państwa z tytułu cła?,"Art. 1. 1. Ustanowienie przez Radę Ministrów, na podstawie odrębnych przepisów, kontyngentów taryfowych oraz plafonów taryfowych dla towarów przywożonych na polski obszar celny nie może spowodować ubytków dochodów budżetu państwa z tytułu cła na kwotę większą niż 920.000 tys. zł, w tym 200.000 tys. zł w związku z ustanowieniem kontyngentów taryfowych oraz plafonów taryfowych niewynikających z zobowiązań międzynarodowych oraz innych zobowiązań zagranicznych Rzeczypospolitej Polskiej. 2. Limit, o którym mowa w ust. 1, nie dotyczy kontyngentów taryfowych oraz pla fonów taryfowych wiążących się z importem interwencyjnym podstawowych pro duktów żywnościowych w przypadku wystąpienia niekorzystnych warunków agro meteorologicznych, importem towarów o charakterze strategicznym oraz towarów związanych z modernizacją Sił Zbrojnych Rzeczypospolitej Polskiej. "
1998_602.txt_Art. 190,W skutek czego następuje wygaśnięcie mandatu radnego?,"Art. 190. 1. Wygaśnięcie mandatu radnego następuje wskutek: 1) odmowy złożenia ślubowania, 2) pisemnego zrzeczenia się mandatu, 3) utraty prawa wybieralności lub braku tego prawa w dniu wyborów, 4) prawomocnego wyroku sądu, orzeczonego za przestępstwo popełnione z winy umyślnej, 5) śmierci. 2. Wygaśnięcie mandatu radnego w przypadkach określonych w ust. 1 stwierdza rada w drodze uchwały, najpóźniej w 3 miesiące od wystąpienia przyczyny wygaśnięcia mandatu. 3. W przypadkach określonych w ust. 1 pkt 1 i 3 przed podjęciem uchwały o wygaśnięciu mandatu należy umożliwić radnemu złożenie wyjaśnień. 4. Uchwałę rady o wygaśnięciu mandatu radnego doręcza się niezwłocznie zainteresowanemu i przesyła wojewodzie oraz wojewódzkiemu komisarzowi wyborczemu. "
"2003_661.txt_Art.
6",Do kogo stosuje się przepis dotyczący przekazania Prezesowi Urzędu Transportu Kolejowego?," Art. 6. Przewoźnicy kolejowi, zarządcy infrastruktury, użytkownicy bocznic kolejowych i przedsiębiorcy wykonujący przewóz w obrębie bocznicy kolejowej, którzy w dniu wejścia w życie niniejszej ustawy zatrudniają lub korzystają z usług maszynistów lub prowadzących pojazdy kolejowe, świadczących pracę lub usługi na rzecz więcej niż jednego przewoźnika kolejowego, zarządcy infrastruktury, użytkownika bocznicy kolejowej lub przedsiębiorcy wykonującego przewozy w obrębie bocznicy kolejowej, przekażą Prezesowi Urzędu Transportu Kolejowego oświadczenia, o których mowa w art. 22ca ust. 1 pkt 1 ustawy, o której mowa w art. 1, w brzmieniu nadanym niniejszą ustawą, w terminie 2 miesięcy od dnia wejścia w życie niniejszej ustawy. Przepis ten stosuje się również do przewoźników kolejowych, zarządców infrastruktury, użytkowników bocznicy kolejowej i przedsiębiorców wykonujących przewozy w obrębie bocznicy kolejowej, którzy zatrudniają lub korzystają z usług maszynistów pojazdów trakcyjnych posiadających uprawnienia do prowadzenia pojazdu kolejowego, wydane na podstawie art. 22 ust. 2 ustawy, o której mowa w ust. 1, w brzmieniu obowiązującym do dnia 3 grudnia 2010 r. "
2004_623.txt_Art. 9,Co zawiera zgłoszenie ciężkiego działania niepożądanego do ośrodka administrującego?,"Art. 9. 1. Ciężkie działania niepożądane zgłasza się do ośrodka administrującego. 2. W przypadku gdy zgłoszenia ciężkiego działania niepożądanego do ośrodka administrującego dokonuje użytkownik końcowy, zgłoszenie to zawiera: 1) nazwę produktu kosmetycznego, którego stosowanie mogło spowodować ciężkie działanie niepożądane, oraz numer partii tego produktu; 2) dane osobowe tego użytkownika: a) imię i nazwisko, b) wiek, c) wykonywany przez niego zawód, o ile jest związany ze stosowaniem tego produktu kosmetycznego, d) adres zamieszkania lub adres do korespondencji, e) adres poczty elektronicznej, numer telefonu, jeżeli posiada; 3) inne dane podane przez użytkownika końcowego w związku ze zgłoszeniem; 4) opis ciężkiego działania niepożądanego oraz, jeżeli jest to uzasadnione, inne informacje dotyczące stanu zdrowia użytkownika końcowego. 3. Ośrodek administrujący dokonuje weryfikacji danych, o których mowa w ust. 2 pkt 1, 3 i 4, w celu stwierdzenia, czy zgłoszenie dotyczy ciężkiego działania niepożądanego, o którym mowa w art. 2 ust. 1 lit. p rozporządzenia nr 1223/2009. 4. W przypadku gdy zgłoszenia ciężkiego działania niepożądanego do ośrodka administrującego dokonuje podmiot wykonujący działalność leczniczą lub osoba wykonująca zawód medyczny w tym podmiocie, zgłoszenie to zawiera: 1) nazwę produktu kosmetycznego, którego stosowanie mogło spowodować ciężkie działanie niepożądane oraz numer partii tego produktu; 2) opis ciężkiego działania niepożądanego; 3) wiek i zawód wykonywany przez użytkownika końcowego, o ile jest on związany ze stosowaniem tego produktu kosmetycznego – jeżeli zostały podane. "
2001_627.txt_Art. 268,Do czego są obowiązane właściwe organy Państwowej Straży Pożarnej w razie wystąpienia awarii przemysłowej?,"Art. 268. Właściwe organy Państwowej Straży Pożarnej w razie wystąpienia awarii przemysłowej są obowiązane do: 1) podjęcia działań operacyjno-ratowniczych we współpracy z prowadzącym zakład, 2) zebrania informacji niezbędnych do dokonania analizy awarii i sformułowania zaleceń dla prowadzącego zakład, 3) sprawdzenia, czy prowadzący zakład podjął wszystkie konieczne środki zaradcze, 4) opracowania zaleceń dotyczących zastosowania w przyszłości określonych środków zapobiegawczych, 5) sprawdzenia, czy prowadzący zakład wdrożył zalecenia właściwego organu Państwowej Straży Pożarnej. "
2000_1156.txt_Art. 22,Co może być dokumentem określającym niezbędny dla bezpieczeństwa morskiego skład załogi?,"Art. 22. 1. Skład załogi statku niezbędny dla bezpieczeństwa morskiego ustala dyrektor urzędu morskiego właściwego dla portu macierzystego statku i potwierdza: 1) wydając certyfikat bezpiecznej obsługi statku dla statków podlegających Konwencji SOLAS, 2) dokonując wpisu w karcie bezpieczeństwa statku dla statków innych niż określone w pkt 1. 2. Na wniosek armatora statku niepodlegającego Konwencji SOLAS, ale uprawiającego żeglugę międzynarodową, dokumentem określającym niezbędny dla bezpieczeństwa morskiego skład załogi może być certyfikat bezpiecznej obsługi. "
1995_436.txt_Art. 12,Co należy do wyłącznej właściwości rady powiatu?,"Art. 12. Do wyłącznej właściwości rady powiatu należy: 1) stanowienie aktów prawa miejscowego, w tym statutu powiatu, 2) wybór i odwołanie zarządu, 3) powoływanie i odwoływanie, na wniosek starosty, sekretarza powiatu i skarbnika powiatu, będącego głównym księgowym budżetu, 4) stanowienie o kierunkach działania zarządu powiatu oraz rozpatrywanie sprawozdań z działalności zarządu, w tym z działalności finansowej, 5) uchwalanie budżetu powiatu, 6) rozpatrywanie sprawozdania z wykonania budżetu oraz podejmowanie uchwały w sprawie udzielenia lub nieudzielenia absolutorium dla zarządu z tego tytułu, 7) podejmowanie uchwał w sprawach wysokości podatków i opłat w granicach określonych ustawami, 8) podejmowanie uchwał w sprawach majątkowych powiatu dotyczących: a) zasad nabycia, zbycia i obciążania nieruchomości oraz ich wydzierżawiania lub wynajmowania na okres dłuższy niż trzy lata, o ile ustawy szczególne nie stanowią inaczej, b) emitowania obligacji oraz określania zasad ich zbywania, nabywania i wykupu, c) zaciągania długoterminowych pożyczek i kredytów, d) ustalania maksymalnej wysokości pożyczek i kredytów krótkoterminowych zaciąganych przez zarząd oraz maksymalnej wysokości pożyczek i poręczeń udzielanych przez zarząd w roku budżetowym, e) zobowiązań w zakresie podejmowania inwestycji i remontów o wartości przekraczającej granicę ustaloną corocznie przez radę, f) tworzenia i przystępowania do związków, stowarzyszeń, fundacji i spółdzielni oraz ich rozwiązywania lub występowania z nich, g) tworzenia i przystępowania do spółek, ich rozwiązywania i występowania z nich oraz określania zasad wnoszenia wkładów oraz obejmowania, nabywania i zbywania udziałów i akcji, h) współdziałania z innymi powiatami i z gminami, jeżeli związane jest to z koniecznością wydzielenia majątku, i) tworzenia, przekształcania i likwidacji jednostek organizacyjnych oraz wyposażania ich w majątek, 9) określanie wysokości sumy, do której zarząd może samodzielnie zaciągać zobowiązania, 10) podejmowanie uchwał w sprawach herbu powiatu i flagi powiatu, 11) podejmowanie uchwał w innych sprawach zastrzeżonych ustawami do kompetencji rady powiatu. "
1995_436.txt_Art. 72,Jakie przepisy stosuje się do gospodarki finansowej związku powiatów?,Art. 72. 1. Do gospodarki finansowej związku powiatów stosuje się odpowiednio przepisy o gospodarce finansowej powiatu. 2. Plan finansowy związku uchwala zgromadzenie związku. 
1994_344.txt_Art. 53,Co jest składane w pierwszym etapie przetargu dwustopniowego?,"Art. 53. W przetargu dwustopniowym w pierwszym etapie dostawcy i wykonawcy składają oferty wstępne bez podawania ceny, a zamawiający może żądać od dostawców i wykonawców określenia parametrów przedmiotu zamówienia. Drugi etap jest przetargiem, którego zasięg jest ograniczony do wybranych oferentów i może być poprzedzony negocjacjami zamawiającego z oferentami. "
1999_95.txt_Art. 18,Która jednostka organizacyjna wyznacza osobę odpowiedzialną za nadzorowanie i kontrolę w zakresie wykonywania przez przedsiębiorcę obowiązku ochrony przekazanych im informacji niejawnych?,"Art. 18. 1. Za ochronę informacji niejawnych odpowiada kierownik jednostki organizacyjnej, w której takie informacje są wytwarzane, przetwarzane, przekazywane lub przechowywane. 2. Kierownikowi jednostki organizacyjnej podlega bezpośrednio pełnomocnik do spraw ochrony informacji niejawnych, zwany dalej ""pełnomocnikiem ochrony"", który odpowiada za zapewnienie przestrzegania przepisów o ochronie informacji niejawnych. 3. Pełnomocnikiem ochrony w jednostce organizacyjnej może być osoba, która: 1) posiada obywatelstwo polskie, 2) posiada co najmniej średnie wykształcenie, 3) uzyskała poświadczenie bezpieczeństwa, o którym mowa w art. 36 ust. 2, wydane przez służby ochrony państwa na wniosek kierownika jednostki organizacyjnej, 4) odbyła przeszkolenie w zakresie ochrony informacji niejawnych. 4. Pełnomocnik ochrony kieruje wyodrębnioną wyspecjalizowaną komórką organizacyjną do spraw ochrony informacji niejawnych, zwaną dalej ""pionem ochrony"", do której zadań należy: 1) zapewnienie ochrony informacji niejawnych, 2) ochrona systemów i sieci teleinformatycznych, 3) zapewnienie ochrony fizycznej jednostki organizacyjnej, 4) kontrola ochrony informacji niejawnych oraz przestrzegania przepisów o ochronie tych informacji, 5) okresowa kontrola ewidencji, materiałów i obiegu dokumentów, 6) opracowywanie planu ochrony jednostki organizacyjnej i nadzorowanie jego realizacji, 7) szkolenie pracowników w zakresie ochrony informacji niejawnych według zasad określonych w rozdziale 8. 5. Pracownikiem pionu ochrony w jednostce organizacyjnej może być osoba, która: 1) posiada obywatelstwo polskie, 2) uzyskała poświadczenie bezpieczeństwa, o którym mowa w art. 36 ust. 2, 3) odbyła przeszkolenie w zakresie ochrony informacji niejawnych. 6. Pełnomocnik ochrony, w zakresie realizacji swoich zadań, w razie wprowadzenia stanu nadzwyczajnego, ma prawo żądać od komórek organizacyjnych w swojej jednostce organizacyjnej udzielenia natychmiastowej pomocy. 7. W zakresie realizacji swoich zadań pełnomocnik ochrony współpracuje z właściwymi jednostkami i komórkami organizacyjnymi służb ochrony państwa. Pełnomocnik ochrony na bieżąco informuje kierownika jednostki organizacyjnej o przebiegu tej współpracy. 8. Pełnomocnik ochrony opracowuje plan postępowania z materiałami zawierającymi informacje niejawne stanowiące tajemnicę państwową w razie wprowadzenia stanu nadzwyczajnego. 9. Pełnomocnik ochrony podejmuje działania zmierzające do wyjaśnienia okoliczności naruszenia przepisów o ochronie informacji niejawnych zawiadamiając o tym kierownika jednostki organizacyjnej, a w przypadku naruszenia przepisów o ochronie informacji niejawnych, oznaczonych klauzulą ""poufne"" lub wyższą, również właściwą służbę ochrony państwa. Rozdział 4 Klasyfikowanie informacji niejawnych. Klauzule tajności "
2004_624.txt_Art. 18,Która jednostka organizacyjna wyznacza osobę odpowiedzialną za nadzorowanie i kontrolę w zakresie wykonywania przez przedsiębiorcę obowiązku ochrony przekazanych im informacji niejawnych?,"Art. 18. 1. Nadzór nad zgodnością przetwarzania danych osobowych gromadzonych przez spółkę celową z ustawą i ustawą z dnia 29 sierpnia 1997 r. o ochronie danych osobowych (Dz. U. z 2015 r. poz. 2135 i 2281 oraz z 2016 r. poz. 195) oraz przestrzeganiem przepisów o ochronie tajemnic prawnie chronionych sprawuje pełnomocnik. 2. Pełnomocnik wykonuje również uprawnienia i obowiązki administratora bezpieczeństwa informacji, o którym mowa w art. 36a ustawy z dnia 29 sierpnia 1997 r. o ochronie danych osobowych. 3. Pełnomocnika powołuje rada nadzorcza spółki celowej. 4. W ramach nadzoru pełnomocnik prowadzi rzetelną, obiektywną i niezależną kontrolę prawidłowości przetwarzania przez spółkę celową danych osobowych, a w szczególności ich przechowywania, weryfikacji i usuwania. 5. Pełnomocnik ma prawo w szczególności do: 1) wglądu do wszelkich dokumentów związanych z wykonywaną kontrolą; 2) swobodnego wstępu do pomieszczeń i obiektów kontrolowanej jednostki organizacyjnej spółki celowej; 3) żądania pisemnych wyjaśnień. 6. W przypadku stwierdzenia naruszenia ustawy, ustawy z dnia 29 sierpnia 1997 r. o ochronie danych osobowych lub przepisów o ochronie tajemnic prawnie chronionych pełnomocnik podejmuje działania zmierzające do wyjaśnienia okoliczności tego naruszenia, zawiadamiając o tym niezwłocznie zarząd spółki celowej, radę nadzorczą spółki celowej i ministra właściwego do spraw finansów publicznych. 7. Pełnomocnik przedstawia corocznie do dnia 31 marca zarządowi spółki celowej, radzie nadzorczej spółki celowej i ministrowi właściwemu do spraw finansów publicznych sprawozdanie za poprzedni rok kalendarzowy, w którym omawia stan ochrony danych osobowych w spółce celowej oraz wszystkie przypadki naruszenia przepisów w tym zakresie. "
1999_483.txt_Art. 111,Kto powołuje komisję dyscyplinarną urzędu spośród członków korpusu służby cywilnej?,"Art. 111. 1. Wyższą Komisję Dyscyplinarną powołuje Prezes Rady Ministrów na wniosek Szefa Służby Cywilnej spośród urzędników służby cywilnej. 2. Wyższą Komisję Dyscyplinarną, w liczbie 11 członków, powołuje się na okres 6 lat. Członkowie Wyższej Komisji Dyscyplinarnej pełnią swoje funkcje do czasu powołania ich następców. 3. Wyższa Komisja Dyscyplinarna powołuje ze swojego grona przewodniczącego Wyższej Komisji Dyscyplinarnej i jego zastępców. 4. Tryb pracy Wyższej Komisji Dyscyplinarnej określa regulamin uchwalany przez Komisję. 5. Obsługę prac Wyższej Komisji Dyscyplinarnej zapewnia Urząd Służby Cywilnej. "
1996_402.txt_Art. 74,Kto powołuje komisję dyscyplinarną urzędu spośród członków korpusu służby cywilnej?,"Art. 74. 1. Sprawy dyscyplinarne urzędników służby cywilnej rozpoznają komisje dyscyplinarne: 1) w I instancji - komisja dyscyplinarna urzędu, 2) w II instancji - Wyższa Komisja Dyscyplinarna. 2. Komisję dyscyplinarną urzędu powołuje dyrektor generalny urzędu spośród urzędników służby cywilnej zatrudnionych w urzędzie. W razie potrzeby Szef Służby Cywilnej może utworzyć komisję dyscyplinarną dla kilku urzędów. 3. Sprawy dyscyplinarne Sekretarza Rady Ministrów oraz dyrektorów generalnych urzędów rozpatruje w I i II instancji Wyższa Komisja Dyscyplinarna, przy czym w II instancji Komisja orzeka w pełnym składzie. "
2002_1070.txt_Art. 126,Kto powołuje komisję dyscyplinarną urzędu spośród członków korpusu służby cywilnej?," Art. 126. 1. Postępowanie dyscyplinarne oraz czynności wyjaśniające, o których mowa w art. 124 ust. 3, prowadzi rzecznik dyscyplinarny. 2. Szef SKW albo SWW powołuje w jednostce organizacyjnej SKW albo SWW, na wniosek jej kierownika, rzecznika dyscyplinarnego, spośród funkcjonariuszy tej jednostki. 3. W przypadku, gdy ze względu na liczebność jednostki organizacyjnej SKW albo SWW powołanie rzecznika dyscyplinarnego dla tej jednostki nie jest uzasadnione, obowiązki rzecznika dyscyplinarnego w tej jednostce wykonuje rzecznik dyscyplinarny innej jednostki organizacyjnej odpowiednio SKW albo SWW, wyznaczony przez Szefa SKW albo Szefa SWW. 4. W jednostce organizacyjnej SKW albo SWW powołuje się co najmniej jednego i nie więcej niż 3 rzeczników dyscyplinarnych. 5. Powołanie rzecznika dyscyplinarnego następuje za jego pisemną zgodą na okres 2 lat. 6. Rzecznika dyscyplinarnego odwołuje się w przypadkach: 1) zaistnienia okoliczności, które stanowią podstawę zwolnienia go ze służby w SKW lub SWW; 2) prawomocnego ukarania go karą dyscyplinarną. 7. Rzecznik dyscyplinarny, za zgodą Szefa SKW albo Szefa SWW, może skorzystać z pomocy innego rzecznika dyscyplinarnego przy przeprowadzaniu czynności dowodowych. 8. Rzecznik dyscyplinarny lub przełożony dyscyplinarny podlega wyłączeniu od udziału w postępowaniu dyscyplinarnym, jeżeli: 1) sprawa dotyczy go bezpośrednio; 2) jest małżonkiem, krewnym lub powinowatym obwinionego lub osoby przez niego pokrzywdzonej w rozumieniu przepisów ustawy z dnia 6 czerwca 1997 r. - Kodeks postępowania karnego (Dz.U. Nr 89, poz. 555, z późn. zm.[5])); 3) był świadkiem czynu; 4) między nim a obwinionym lub osobą pokrzywdzoną przez obwinionego zachodzi stosunek osobisty mogący wywołać wątpliwości co do jego bezstronności. 9. Rzecznika dyscyplinarnego lub przełożonego dyscyplinarnego można wyłączyć od udziału w postępowaniu dyscyplinarnym także z innych uzasadnionych przyczyn. 10. O okolicznościach uzasadniających wyłączenie od udziału w postępowaniu dyscyplinarnym rzecznik dyscyplinarny lub przełożony dyscyplinarny zawiadamiają niezwłocznie odpowiednio Szefa SKW albo Szefa SWW. 11. Wyłączenie rzecznika dyscyplinarnego lub przełożonego dyscyplinarnego od udziału w postępowaniu dyscyplinarnym może nastąpić również na wniosek obwinionego lub jego obrońcy, jeżeli został ustanowiony. 12. Szef SKW i Szef SWW wydają postanowienia o wyłączeniu lub odmowie wyłączenia rzecznika dyscyplinarnego lub przełożonego dyscyplinarnego od udziału w postępowaniu dyscyplinarnym. "
2003_1324.txt_Art. 1,"Kto określi warunki i tryb usprawiedliwienia niestawiennictwa oskarżonych, świadków i innych uczestników procesu z powodu choroby?"," Art. 1. 1. Ustawa określa: 1) warunki oraz tryb nabywania i utraty prawa do wyko­nywania czynności lekarza sądowego; 2) zasady wykonywania czynności lekarza sądowego; 3) zasady finansowania czynności lekarza sądowego. 2. Przepisy ustawy stosuje się w przypadkach dotyczących usprawiedliwiania niestawiennictwa z powodu choroby, na wezwanie lub zawiadomienie sądu lub organu prowadzącego postępowanie karne, zwanych dalej „organami uprawnionymi”, w postępowaniu prowadzonym na podstawie ustawy z dnia 17 listopada 1964 r. – Kodeks postępowania cywilnego (Dz. U. Nr 43, poz. 296, z późn. zm.[2])) oraz ustawy z dnia 6 czerwca 1997 r. – Kodeks postępowania karnego (Dz. U. Nr 89, poz. 555, z późn. zm.[3])), stron, ich przedstawicieli ustawowych, pełnomocników, świadków, oskarżonych, obroń­ców i innych uczestników postępowania, zwanych dalej „uczestnikami postę­powania”. 3. Przepisów ustawy nie stosuje się do osób pozbawionych wolności, których usprawiedliwianie niestawiennictwa z powodu choroby re­gulują odrębne przepisy. "
2000_857.txt_Art. 764,Pod jakim warunkiem agent może żądać prowizji od umowy zawartej po rozwiązaniu umowy?,"Art. 764{3}. §1. Po rozwiązaniu umowy agencyjnej agent może żądać od dającego zlecenie świadczenia wyrównawczego, jeżeli w czasie trwania umowy agencyjnej pozyskał nowych klientów lub doprowadził do istotnego wzrostu obrotów z dotychczasowymi klientami, a dający zlecenie czerpie nadal znaczne korzyści z umów z tymi klientami. Roszczenie to przysługuje agentowi, jeżeli biorąc pod uwagę wszystkie okoliczności, a zwłaszcza utratę przez agenta prowizji od umów zawartych przez dającego zlecenie z tymi klientami, przemawiają za tym względy słuszności. §2. Świadczenie wyrównawcze nie może przekroczyć wysokości wynagrodzenia agenta za jeden rok, obliczonego na podstawie średniego rocznego wynagrodzenia uzyskanego w okresie ostatnich pięciu lat. Jeżeli umowa agencyjna trwała krócej niż pięć lat, wynagrodzenie to oblicza się z uwzględnieniem średniej z całego okresu jej trwania. §3. Uzyskanie świadczenia wyrównawczego nie pozbawia agenta możności dochodzenia odszkodowania na zasadach ogólnych. §4. W razie śmierci agenta, świadczenia wyrównawczego, o którym mowa w § 1, mogą żądać jego spadkobiercy. §5. Możliwość dochodzenia roszczenia o świadczenie wyrównawcze zależy od zgłoszenia przez agenta lub jego spadkobierców odpowiedniego żądania wobec dającego zlecenie przed upływem roku od rozwiązania umowy. "
1996_474.txt_Art. 13,Pod jakim warunkiem należy podać informację o wszczęciu postępowania do publicznej wiadomości?,"Art. 13. 1. Przed wydaniem decyzji wymagających udziału społeczeństwa organ administracji publicznej właściwy do ich wydania, wszczynając postępowanie: 1) podaje do publicznej wiadomości informację o zamieszczeniu w publicznie dostępnym wykazie wniosku o wydanie decyzji oraz o możliwości składania uwag i wniosków w terminie 21 dni od daty podania do publicznej wiadomości, wskazując jednocześnie miejsce ich składania, 2) może przeprowadzić rozprawę administracyjną otwartą dla społeczeństwa, 3) rozpatruje zgłoszone uwagi i wnioski. 2. Organ administracji publicznej, właściwy do wydania decyzji, podaje do publicznej wiadomości informację o zamieszczeniu w publicznie dostępnym wykazie decyzji wymagających udziału społeczeństwa, w trybie określonym w niniejszym rozdziale. 3. Podanie do publicznej wiadomości, o którym mowa w ust. 1 pkt 1 i ust. 2, następuje w drodze zamieszczenia informacji na tablicy ogłoszeń w siedzibie organu właściwego w sprawie oraz poprzez obwieszczenia w pobliżu miejsca planowanego przedsięwzięcia, a gdy siedziba właściwego organu mieści się na terenie gminy innej niż gmina właściwa miejscowo ze względu na przedmiot ogłoszenia - także przez ogłoszenie w prasie lub w sposób zwyczajowo przyjęty w miejscowości lub miejscowościach właściwych ze względu na przedmiot ogłoszenia. 4. Podanie do publicznej wiadomości, o którym mowa w ust. 1 pkt 1 i ust. 2, powinno nastąpić także poprzez zamieszczenie informacji na stronie internetowej organu właściwego do wydania decyzji, jeśli organ ten prowadzi taką stronę. "
1996_584.txt_Art. 3,Jakiej kontroli podlegają towary przywożone z zagranicy?,"Art. 3. 1. Przywożone z zagranicy i wywożone za granicę towary określone w wykazie podlegają państwowemu nadzorowi standaryzacyjnemu. Warunkiem odprawy celnej jest posiadanie przez podmiot dokonujący obrotu z zagranicą orzeczenia, o którym mowa w art. 12 ust. 1 pkt 1. 2. Minister Rolnictwa i Gospodarki Żywnościowej określi, w drodze rozporządzenia, wykaz towarów, o którym mowa w ust. 1, oraz ich minimalne ilości podlegające państwowemu nadzorowi standaryzacyjnemu. "
1997_117.txt_Art. 83,Jakiej kontroli podlegają towary przywożone z zagranicy?,"Art. 83. § 1. Organ celny po zwolnieniu towarów może z urzędu lub na wniosek zgłaszającego dokonać kontroli zgłoszenia celnego. § 2. Po zwolnieniu towarów, organ celny w celu upewnienia się o prawidłowości danych zawartych w zgłoszeniu celnym może, w szczególności kontrolować dokumenty i dane handlowe dotyczące operacji przywozu lub wywozu towarów objętych zgłoszeniem, jak również późniejszych operacji handlowych dotyczących tych towarów. Kontrole te mogą zostać przeprowadzone u zgłaszającego, bądź u każdej innej osoby bezpośrednio lub pośrednio związanej z tymi operacjami, jak również u każdej innej osoby posiadającej takie dokumenty i dane. Organ celny może również przystąpić do kontroli towarów, jeżeli istnieje jeszcze możliwość ich okazania. § 3. Jeżeli z kontroli zgłoszenia celnego po zwolnieniu towaru wynika, że przepisy regulujące procedurę celną zostały zastosowane w oparciu o nieprawdziwe, nieprawidłowe lub niekompletne dane lub dokumenty, organ celny podejmuje niezbędne działania w celu właściwego zastosowania przepisów prawa celnego, biorąc pod uwagę nowe dane. Rozdział 2 Dopuszczenie do obrotu "
1997_557.txt_Art. 199,Do kogo sąd przesyła odpis wyroku w razie orzeczenia podania wyroku do publicznej wiadomości przez ogłoszenie w czasopiśmie?,"Art. 199. § 1. W razie orzeczenia podania wyroku do publicznej wiadomości w inny sposób, sąd - zgodnie z treścią wyroku - wydaje komu należy odpowiednie polecenie, przesyłając jednocześnie odpis wyroku lub wyciąg z wyroku ze wzmianką o prawomocności. § 2. Ten, kto otrzymał polecenie, ma obowiązek je wykonać w czasie, miejscu i w sposób określony przez sąd oraz bezzwłocznie zawiadomić o tym sąd, który w razie zauważenia nieprawidłowości nakazuje je usunąć. Rozdział XIII Środki zabezpieczające "
2003_498.txt_Art. 93,Czy zmiana wysokości emerytur w ramach waloryzacji następuje z urzędu?,"Art. 93. Zmiana wysokości emerytur i rent w ramach waloryzacji następuje z urzędu, a jeżeli wypłata świadczenia była wstrzymana - po jej wznowieniu, z uwzględnieniem wszystkich kolejnych waloryzacji i waloryzacji dodatkowych, przypadających w okresie wstrzymania wypłaty. "
1995_681.txt_Art. 1,Czy zmiana wysokości emerytur w ramach waloryzacji następuje z urzędu?,"Art. 1. W ustawie z dnia 17 października 1991 r. o rewaloryzacji emerytur i rent, o zasadach ustalania emerytur i rent oraz o zmianie niektórych ustaw (Dz.U. Nr 104, poz. 450, z 1992 r. Nr 21, poz. 84, z 1993 r. Nr 127, poz. 583 i Nr 129, poz. 602, z 1994 r. Nr 84, poz. 385 oraz z 1995 r. Nr 4, poz. 17 i Nr 95, poz. 473) wprowadza się następujące zmiany: 1) w art. 7: a) w ust. 5 pkt 4 otrzymuje brzmienie: ""4) mnoży się przez ten wskaźnik kwotę bazową, o której mowa w ust. 9 i 10."", b) dodaje się ust. 9 i 10 w brzmieniu: ""9. Kwota bazowa wynosi 93% przeciętnego miesięcznego wynagrodzenia w kwartale kalendarzowym poprzedzającym termin waloryzacji, z uwzględnieniem ust. 10. 10. Podwyższenie kwoty bazowej następuje od pierwszego dnia miesiąca, w którym jest przeprowadzana waloryzacja. Poczynając od pierwszej waloryzacji w 1996 r. wskaźnik procentowy, o którym mowa w ust. 9, ulega podwyższeniu o jeden punkt procentowy w każdym terminie waloryzacji, aż do osiągnięcia kwoty bazowej równej 100% przeciętnego miesięcznego wynagrodzenia.""; 2) art. 8 otrzymuje brzmienie: ""Art. 8. 1. Podstawę wymiaru emerytury dla osoby, która wcześniej miała ustalone prawo do renty inwalidzkiej na podstawie przepisów wymienionych w art. 1, stanowi: 1) podstawa wymiaru renty inwalidzkiej - w wysokości uwzględniającej wszystkie kolejne waloryzacje przypadające w okresie następującym po ustaleniu prawa do renty inwalidzkiej albo 2) podstawa wymiaru ustalona na nowo w myśl art. 7. 2. Przepis ust. 1 pkt 1 stosuje się przy ustalaniu podstawy wymiaru: 1) emerytury dla osoby, która wcześniej miała ustalone prawo do emerytury na podstawie przepisów wymienionych w art. 1, 2) renty inwalidzkiej dla osoby, która wcześniej miała ustalone prawo do renty inwalidzkiej albo do emerytury na podstawie przepisów wymienionych w art. 1.""; 3) art. 16 otrzymuje brzmienie: ""Art. 16. 1. Kwoty najniższych emerytur i rent - bez uwzględnienia dodatków, o których mowa w art. 21 - wynoszą: 1) 39% przeciętnego wynagrodzenia w kwartale kalendarzowym poprzedzającym termin ostatniej waloryzacji emerytur i rent w 1995 r. - w przypadku emerytury, renty rodzinnej i renty inwalidzkiej dla inwalidy I lub II grupy, 2) 30% przeciętnego wynagrodzenia w kwartale kalendarzowym poprzedzającym termin ostatniej waloryzacji emerytur i rent w 1995 r. - w przypadku renty inwalidzkiej dla inwalidy III grupy. 2. Kwoty najniższych emerytur i rent, o których mowa w ust. 1, podwyższa się przy zastosowaniu wskaźnika waloryzacji od miesiąca, w którym jest przeprowadzana waloryzacja. 3. Kwota najniższej renty inwalidzkiej z tytułu wypadku przy pracy lub choroby zawodowej oraz renty rodzinnej przysługującej członkom rodziny pozostałym po ubezpieczonym lub renciście, który zmarł wskutek wypadku przy pracy lub choroby zawodowej, wynosi 120% kwoty najniższych świadczeń określonych w ust. 1, podwyższonych zgodnie z ust. 2. 4. Emerytury i renty ustalone w kwotach niższych niż określone w ust. 1 i 2 podwyższa się do tych kwot z urzędu, a jeżeli ich wypłata była wstrzymana - po wznowieniu wypłaty. 5. Przepisy art. 19 stosuje się odpowiednio.""; 4) po art. 17 dodaje się art. 17{1} i 17{2} w brzmieniu: ""Art. 17{1}. 1. W 1996 r. emerytury i renty podlegają waloryzacji poprzez podwyższenie kwoty świadczenia przysługującego w dniu 31 sierpnia 1996 r. wskaźnikiem waloryzacji określonym w ustawie budżetowej na 1996 r. 2. Wskaźnik waloryzacji, o którym mowa w ust. 1, ustala się w taki sposób, aby zapewnił on w 1996 r., w porównaniu do 1995 r., realny wzrost emerytur i rent wynoszący co najmniej 2,5%, po uwzględnieniu wzrostu kwoty bazowej, przewidzianego w art. 7 ust. 10. 3. Podwyżki, o których mowa w ust. 1, przeprowadza się od dnia 1 września 1996 r. 4. Równocześnie z podwyższeniem emerytury i renty następuje podwyższenie podstawy jej wymiaru wskaźnikiem waloryzacji, o którym mowa w ust. 1. 5. Jeżeli realny wzrost przeciętnej emerytury i renty w 1996 r., w porównaniu do 1995 r., wyniesie mniej niż 2,5%, w marcu 1997 r. nastąpi jednorazowa wypłata w wysokości zapewniającej osiągnięcie tego wzrostu. Ustalenie kwoty jednorazowej wypłaty następuje przez pomnożenie kwoty zwaloryzowanej w 1996 r. emerytury i renty przez wskaźnik weryfikacyjny. Kwota jednorazowej wypłaty będzie oprocentowana planowanym wskaźnikiem wzrostu cen towarów i usług konsumpcyjnych na I kwartał 1997 r. 6. Prezes Rady Ministrów określi, w drodze rozporządzenia, wskaźnik weryfikacyjny oraz szczegółowe zasady jednorazowej wypłaty, o których mowa w ust. 5. 7. Wzrost, o którym mowa w ust. 5, liczony jest jako iloraz wskaźnika nominalnego wzrostu przeciętnej emerytury i renty brutto przez średnioroczny wskaźnik wzrostu cen towarów i usług konsumpcyjnych ogłoszony przez Prezesa Głównego Urzędu Statystycznego. 8. Prezes Głównego Urzędu Statystycznego ogłosi w Dzienniku Urzędowym Rzeczypospolitej Polskiej ""Monitor Polski"" w terminie do dnia 15 lutego 1997 r. realny wzrost emerytur i rent w 1996 r.. "
1995_446.txt_Art. 3,Kto określi wykaz organizmów szkodliwych podlegających obowiązkowi zwalczania?,"Art. 3. 1. Organizmy szkodliwe, określone przez Ministra Rolnictwa i Gospodarki Żywnościowej, podlegają obowiązkowi zwalczania. 2. W razie pojawienia się organizmów szkodliwych, o których mowa w ust. 1, posiadacze są obowiązani do: 1) zawiadamiania właściwego miejscowo wojewódzkiego inspektora lub organu gminy o ich wystąpieniu albo podejrzeniu wystąpienia, 2) zwalczania ich na własny koszt oraz zapobiegania ich szerzeniu się, w szczególności przez: a) nieuprawianie określonych gatunków lub odmian roślin uprawnych, zaniechanie ich obrotu bądź uzależnienie ich uprawy lub obrotu od spełnienia określonych warunków, b) zniszczenie, przerobienie, oczyszczenie lub odkażenie roślin, produktów roślinnych i przedmiotów, c) oczyszczenie lub odkażenie przedmiotów, w których znajdują się lub mogą znajdować się organizmy szkodliwe, d) odkażenie gleby i podłoży, e) ograniczenie lub zaniechanie przywożenia i wywożenia roślin i produktów roślinnych albo uzależnienie ich przywożenia i wywożenia od spełnienia określonych warunków. 3. Szczegółowe obowiązki, o których mowa w ust. 2 pkt 2, wojewódzki inspektor określa w drodze decyzji. 4. Wojewoda, na wniosek wojewódzkiego inspektora, może, w drodze rozporządzenia wprowadzić na obszarze województwa lub jego części obowiązek zwalczania organizmów szkodliwych innych niż określone przez Ministra Rolnictwa i Gospodarki Żywnościowej. Przepis ust. 3 stosuje się odpowiednio. "
1997_106.txt_Art. 52,Jaki jest limit na ubytki dochodów budżetu państwa z tytułu cła?,"Art. 52. 1. Ustanowienie przez Radę Ministrów, na podstawie odrębnych przepisów, kontyngentów celnych dla towarów importowanych do Polski nie może spowodować ubytków dochodów budżetu państwa z tytułu cła na kwotę większą niż 400.000 tys. zł. 2. Limit, o którym mowa w ust. 1, nie dotyczy kontyngentów celnych wynikających z wieloletnich umów międzynarodowych oraz wiążących się z importem interwencyjnym podstawowych produktów żywnościowych w przypadku wystąpienia niekorzystnych warunków agrometeorologicznych oraz tzw. towarów strategicznych. "
2000_85.txt_Art. 51,Jaki jest limit na ubytki dochodów budżetu państwa z tytułu cła?,"Art. 51. 1. Ustanowienie przez Radę Ministrów, na podstawie odrębnych przepisów, kontyngentów taryfowych dla towarów przywożonych na polski obszar celny nie może spowodować ubytków dochodów budżetu państwa z tytułu cła na kwotę większą niż 810.000 tys. zł, w tym 160.000 tys. zł w związku z ustanowieniem kontyngentów taryfowych nie wynikających z zobowiązań międzynarodowych oraz innych zobowiązań zagranicznych Polski. 2. Limit, o którym mowa w ust. 1, nie dotyczy kontyngentów taryfowych wiążących się z importem interwencyjnym podstawowych produktów żywnościowych w przypadku wystąpienia niekorzystnych warunków agrometeorologicznych, importem tzw. towarów strategicznych oraz towarów związanych z modernizacją Sił Zbrojnych Rzeczypospolitej Polskiej. 3. Określa się limit zwolnień od cła, o którym mowa w art. 190 § 7 ustawy z dnia 9 stycznia 1997 r. - Kodeks celny (Dz.U. Nr 23, poz. 117, Nr 64, poz. 407, Nr 121, poz. 770, Nr 157, poz. 1026 i Nr 160, poz. 1084, z 1998 r. Nr 106, poz. 668 i Nr 160, poz. 1063 oraz z 1999 r. Nr 40, poz. 402 i Nr 72, poz. 802) w wysokości 50.000 tys. zł. "
1997_500.txt_Art. 24,W skutek czego następuje wygaśnięcie mandatu radnego?,"Art. 24b. 1. Osoba wybrana na radnego nie może wykonywać pracy w ramach stosunku pracy w urzędzie gminy, w której uzyskała mandat, oraz wykonywać funkcji kierownika w jednostce organizacyjnej tej gminy. Przed przystąpieniem do wykonywania mandatu osoba ta obowiązana jest złożyć wniosek o urlop bezpłatny w terminie 7 dni od dnia ogłoszenia wyników wyborów przez właściwy organ wyborczy. 2. Radny, o którym mowa w ust. 1, otrzymuje urlop bezpłatny na okres sprawowania mandatu oraz 3 miesięcy po jego wygaśnięciu. 3. Radny otrzymuje urlop bezpłatny bez względu na rodzaj i okres trwania stosunku pracy. Stosunek pracy zawarty na czas określony, który ustałby przed terminem zakończenia urlopu bezpłatnego, przedłuża się do 3 miesięcy po zakończeniu tego urlopu. 4. W przypadku radnego wykonującego funkcję kierownika w jednostce organizacyjnej, przejętej lub utworzonej przez gminę w czasie kadencji, termin, o którym mowa w ust. 1, wynosi 6 miesięcy od dnia przejęcia lub utworzenia tej jednostki. 5. Niezłożenie przez radnego wniosku, o którym mowa w ust. 1, jest równoznaczne ze zrzeczeniem się mandatu. 6. Przepis ust. 1-5 stosuje się odpowiednio w przypadku obsadzenia mandatu rady w drodze uchwały rady gminy podjętej na podstawie przepisów ustawy - Ordynacja wyborcza do rad gmin. "
2000_1314.txt_Art. 11,Do kogo stosuje się przepis dotyczący przekazania Prezesowi Urzędu Transportu Kolejowego?,"Art. 11. 1. Znosi się Główny Inspektorat Kolejnictwa. 2. Główny Inspektor Kolejnictwa przekazuje Prezesowi Urzędu Transportu Kolejowego prowadzenie spraw z zakresu jego działania, wraz z aktami spraw, niezakończonych do dnia zniesienia Głównego Inspektoratu Kolejnictwa. 3. Pracownicy Głównego Inspektoratu Kolejnictwa stają się pracownikami Urzędu Transportu Kolejowego. 4. Główny Inspektor Kolejnictwa przekazuje Prezesowi Urzędu Transportu Kolejowego składniki mienia Głównego Inspektoratu Kolejnictwa do dnia jego zniesienia, w drodze protokołu zdawczo-odbiorczego. "
2000_1314.txt_Art. 10,Do kogo stosuje się przepis dotyczący przekazania Prezesowi Urzędu Transportu Kolejowego?,"Art. 10. 1. Minister właściwy do spraw transportu przekazuje Prezesowi Urzędu Transportu Kolejowego sprawy wraz z aktami, które przechodzą do zakresu jego działania i nie są zakończone do tego dnia. 2. Pracownicy urzędu ministra właściwego do spraw transportu realizujący zadania, które przechodzą do zakresu działania Prezesa Urzędu Transportu Kolejowego, stają się pracownikami Urzędu Transportu Kolejowego. "
2003_1692.txt_Art. 36,Co zawiera zgłoszenie ciężkiego działania niepożądanego do ośrodka administrującego?,"Art. 36e. 1. Zgłoszenie pojedynczego przypadku działania niepożądanego produktu leczniczego zawiera: 1) inicjały, płeć lub wiek pacjenta, którego dotyczy zgłoszenie; 2) imię i nazwisko osoby dokonującej zgłoszenia; 3) w przypadku osób wykonujących zawód medyczny, adres miejsca wykonywania tego zawodu; 4) podpis osoby, o której mowa w pkt 2, jeżeli zgłoszenie nie jest przekazywane drogą elektroniczną; 5) w zakresie produktu leczniczego co najmniej: a) nazwę produktu, którego stosowanie podejrzewa się o spowodowanie tego działania niepożądanego, b) opis wywołanego działania niepożądanego. 2. W przypadku gdy zgłoszenie pojedynczego przypadku działania niepożądanego produktu leczniczego stanowi niepożądany odczyn poszczepienny, zgłoszenia, o którym mowa w ust. 1, dokonuje się jednocześnie ze zgłoszeniem określonym w przepisach wydanych na podstawie art. 21 ust. 8 ustawy z dnia 5 grudnia 2008 r. o zapobieganiu oraz zwalczaniu zakażeń i chorób zakaźnych u ludzi (Dz. U. z 2013 r. poz. 947). 3. W przypadku podejrzenia ciężkiego niepożądanego działania danego produktu leczniczego podmiot odpowiedzialny jest obowiązany przedstawić dane umożliwiające ocenę związku przyczynowo-skutkowego pomiędzy zastosowaniem tego produktu leczniczego a jego ciężkim niepożądanym działaniem. 4. Opis działania niepożądanego produktu leczniczego przytacza się w brzmieniu maksymalnie zbliżonym do przekazanego przez osobę zgłaszającą. W przypadku gdy opis sporządzono w języku innym niż język polski, angielski lub łacina, podmiot odpowiedzialny przedstawia w zgłoszeniu opis działania niepożądanego produktu leczniczego przetłumaczony na język polski lub angielski. 5. Dodatkowe informacje uzyskane po przekazaniu zgłoszenia przedstawia się w postaci uzupełnionego zgłoszenia. 6. Zgłoszenia można dokonać na formularzu dostępnym na stronie internetowej Urzędu Rejestracji. "
2001_627.txt_Art. 271,Do czego są obowiązane właściwe organy Państwowej Straży Pożarnej w razie wystąpienia awarii przemysłowej?,"Art. 271. 1. Minister właściwy do spraw środowiska po uzyskaniu informacji o wystąpieniu awarii przemysłowej poza terytorium Rzeczypospolitej Polskiej, której skutki mogą oddziaływać na terytorium Rzeczypospolitej Polskiej, niezwłocznie zawiadamia o tym Komendanta Głównego Państwowej Straży Pożarnej. 2. Komendant Główny Państwowej Straży Pożarnej, w sytuacji określonej w ust. 1, niezwłocznie podejmuje akcję ratowniczą. 3. Na potrzeby wystąpienia z roszczeniem wobec podmiotów odpowiedzialnych Komendant Główny Państwowej Straży Pożarnej, po zakończeniu akcji ratowniczej, dokona szacunku strat powstałych wskutek transgranicznego oddziaływania awarii przemysłowej na środowisko oraz kosztów akcji ratunkowej. Tytuł V Środki finansowo-prawne Dział I Przepisy ogólne "
2001_627.txt_Art. 269,Do czego są obowiązane właściwe organy Państwowej Straży Pożarnej w razie wystąpienia awarii przemysłowej?,"Art. 269. Komendant powiatowy Państwowej Straży Pożarnej w ramach czynności kontrolnorozpoznawczych przeprowadzanych co najmniej raz w roku w zakładzie stwarzającym zagrożenie wystąpienia awarii przemysłowych, ustala spełnienie wymogów bezpieczeństwa, a w szczególności czy: 1) podjęto środki zapobiegające wystąpieniu awarii przemysłowej, 2) zapewniono wystarczające środki ograniczające skutki awarii przemysłowej w zakładzie i poza jego granicami, uwzględniając skutki transgraniczne, 3) dane zawarte w dokumentach, o których mowa w ustawie, takich jak zgłoszenie zakładu o zwiększonym ryzyku lub dużym ryzyku, program zapobiegania awariom, raport o bezpieczeństwie, wewnętrzny plan operacyjnoratowniczy, informacje niezbędne do opracowania zewnętrznego planu operacyjno-ratowniczego, przedkładane właściwym organom Państwowej Straży Pożarnej "" są rzetelne i odzwierciedlają stan bezpieczeństwa w zakładzie. Dział III Współpraca międzynarodowa "
2001_627.txt_Art. 266,Do czego są obowiązane właściwe organy Państwowej Straży Pożarnej w razie wystąpienia awarii przemysłowej?,"Art. 266. 1. Komendant wojewódzki Państwowej Straży Pożarnej w razie zagrożenia awarią przemysłową lub jej wystąpienia niezwłocznie przystępuje do realizacji zewnętrznego planu operacyjno-ratowniczego. 2. Komendant wojewódzki Państwowej Straży Pożarnej może odstąpić od sporządzenia zewnętrznego planu operacyjno-ratowniczego, jeżeli z informacji dostarczonych przez prowadzącego zakład wynika w sposób niebudzący wątpliwości, że nie występuje ryzyko rozprzestrzenienia się skutków awarii poza zakład. "
2000_1156.txt_Art. 24,Co może być dokumentem określającym niezbędny dla bezpieczeństwa morskiego skład załogi?,"Art. 24. 1. W celu zapewnienia przestrzegania wymagań w zakresie kwalifikacji i składu załogi niezbędnego dla bezpieczeństwa morskiego, statek podlega inspekcji przeprowadzanej przez organ inspekcyjny. 2. Inspekcja polega na sprawdzeniu, czy członkowie załogi zatrudnieni na statku posiadają wymagane dyplomy, świadectwa, zaświadczenia albo zezwolenia oraz czy skład załogi jest zgodny z właściwym dokumentem bezpieczeństwa, a organizacja i pełnienie wacht odpowiadają wymaganiom Konwencji STCW. 3. W razie stwierdzenia, że członek załogi nie posiada ważnego dyplomu lub świadectwa, zaświadczenia albo zezwolenia, bądź stwierdzenia zaniedbań w organizacji lub pełnieniu wacht, jeżeli uchybienia te stwarzają niebezpieczeństwo dla osób, mienia lub środowiska, organ inspekcyjny podejmuje działania, o których mowa w art. 12 ust. 1-4, w celu zapewnienia tego, aby statek nie rozpoczął żeglugi do czasu usunięcia tych uchybień. 4. W razie stwierdzenia uchybień, o których mowa w ust. 3, na statku o obcej przynależności, organ inspekcyjny zawiadamia o tym kapitana statku oraz konsula lub przedstawicielstwo dyplomatyczne państwa przynależności statku. O podjętych wobec statku działaniach organ ten zawiadamia również właściwą organizację międzynarodową. 5. W razie nieusunięcia uchybień, o których mowa w ust. 3, jeśli brak dyplomu lub zaświadczenia dotyczy kapitana statku, starszego mechanika, oficerów pełniących wachty oraz radiooperatora, organ inspekcyjny podejmuje decyzję o zatrzymaniu statku. W stosunku do statku o przynależności do państwa strony Konwencji STCW stosuje się postanowienia tej konwencji dotyczące zatrzymania statku. 6. Inspekcję przeprowadza się stosując przepis art. 8 ust. 3. "
1995_436.txt_Art. 64,Jakie przepisy stosuje się do gospodarki finansowej związku powiatów?,"Art. 64. 1. Kontrolę gospodarki finansowej powiatu sprawuje regionalna izba obrachunkowa. 2. Z zastrzeżeniem przepisów tego rozdziału do trybu uchwalania budżetu oraz gospodarki finansowej powiatu stosuje się przepisy odrębnej ustawy. Rozdział 7 Związki, stowarzyszenia i porozumienia powiatów "
